{
    "rmse": 0.8577318125553313,
    "mae": 0.6578074511780643,
    "r2": 0.0500589008346507
}